id,conversation_id,created_at,date,time,timezone,user_id,username,name,place,tweet,language,mentions,urls,photos,replies_count,retweets_count,likes_count,hashtags,cashtags,link,retweet,quote_url,video,thumbnail,near,geo,source,user_rt_id,user_rt,retweet_id,reply_to,retweet_date,translate,trans_src,trans_dest
1407810010990661634,1407807930762776578,2021-06-23 16:17:17 Hora de verano central (M√©xico),2021-06-23,16:17:17,-0500,2167266710,gbrends_10,.,,@Mindicool XD,und,[],[],[],0,0,1,[],[],https://twitter.com/gbrends_10/status/1407810010990661634,False,,0,,,,,,,,"[{'screen_name': 'Mindicool', 'name': '‚≠ê Mindicool ‚≠ê', 'id': '201831180'}]",,,,
1407400515651129361,1407400175115681810,2021-06-22 13:10:05 Hora de verano central (M√©xico),2021-06-22,13:10:05,-0500,2167266710,gbrends_10,.,,@nissaxter Vamos que puedes subirüòîü§ü,es,[],[],[],0,0,0,[],[],https://twitter.com/gbrends_10/status/1407400515651129361,False,,0,,,,,,,,"[{'screen_name': 'nissaxter', 'name': 'Nissaxter', 'id': '2247199881'}]",,,,
1407110451763322880,1407072153867108356,2021-06-21 17:57:29 Hora de verano central (M√©xico),2021-06-21,17:57:29,-0500,2167266710,gbrends_10,.,,@Mindicool XD,und,[],[],[],0,0,1,[],[],https://twitter.com/gbrends_10/status/1407110451763322880,False,,0,,,,,,,,"[{'screen_name': 'Mindicool', 'name': '‚≠ê Mindicool ‚≠ê', 'id': '201831180'}]",,,,
1406854287066648576,1406854287066648576,2021-06-21 00:59:34 Hora de verano central (M√©xico),2021-06-21,00:59:34,-0500,2167266710,gbrends_10,.,,ƒêƒô≈°tr√∏z¬™ƒë¬™,und,[],[],[],0,0,1,[],[],https://twitter.com/gbrends_10/status/1406854287066648576,False,,0,,,,,,,,[],,,,
1406481155461951489,1406448303085080584,2021-06-20 00:16:53 Hora de verano central (M√©xico),2021-06-20,00:16:53,-0500,2167266710,gbrends_10,.,,@JorgeIsaac115 Prefiero morir :v,es,[],[],[],0,0,0,[],[],https://twitter.com/gbrends_10/status/1406481155461951489,False,,0,,,,,,,,"[{'screen_name': 'JorgeIsaac115', 'name': 'JorgeIsaac115', 'id': '817580013461585920'}]",,,,
1406138118395383808,1406138118395383808,2021-06-19 01:33:46 Hora de verano central (M√©xico),2021-06-19,01:33:46,-0500,2167266710,gbrends_10,.,,"Uff, comiendo tacos del lips a esas horas xD",es,[],[],[],0,0,0,[],[],https://twitter.com/gbrends_10/status/1406138118395383808,False,https://twitter.com/guarromantico_/status/1406064195788021762,0,,,,,,,,[],,,,
1406137384929054722,1406137384929054722,2021-06-19 01:30:51 Hora de verano central (M√©xico),2021-06-19,01:30:51,-0500,2167266710,gbrends_10,.,,Simplemente idiotas e inmaduros los que me tocan.,es,[],[],[],0,0,0,[],[],https://twitter.com/gbrends_10/status/1406137384929054722,False,https://twitter.com/anagalonsog/status/1405830815322411008,0,,,,,,,,[],,,,
1406111967048343553,1406111967048343553,2021-06-18 23:49:51 Hora de verano central (M√©xico),2021-06-18,23:49:51,-0500,2167266710,gbrends_10,.,,Pero que wuen servicioü•∞,es,[],[],[],0,0,1,[],[],https://twitter.com/gbrends_10/status/1406111967048343553,False,,0,,,,,,,,[],,,,
1406110740688388100,1406110740688388100,2021-06-18 23:44:59 Hora de verano central (M√©xico),2021-06-18,23:44:59,-0500,2167266710,gbrends_10,.,,"Mejor un man se preocupa por m√≠, gracias‚ò∫Ô∏è",es,[],[],[],0,0,1,[],[],https://twitter.com/gbrends_10/status/1406110740688388100,False,,0,,,,,,,,[],,,,
1405942473969516545,1405207171755909122,2021-06-18 12:36:21 Hora de verano central (M√©xico),2021-06-18,12:36:21,-0500,2167266710,gbrends_10,.,,"@AbiuHdez @nissaxter H√≠jole, yo creo que no se va a poder ;v",es,[],[],[],1,0,0,[],[],https://twitter.com/gbrends_10/status/1405942473969516545,False,,0,,,,,,,,"[{'screen_name': 'AbiuHdez', 'name': 'Abi√∫ Rivas', 'id': '352001114'}, {'screen_name': 'nissaxter', 'name': 'Nissaxter', 'id': '2247199881'}]",,,,
1405207667308703748,1405207667308703748,2021-06-16 11:56:30 Hora de verano central (M√©xico),2021-06-16,11:56:30,-0500,2167266710,gbrends_10,.,,Tan odioso que es trabajar en equipo :v,es,[],[],[],0,1,1,[],[],https://twitter.com/gbrends_10/status/1405207667308703748,False,https://twitter.com/yisucrist/status/1405178138766843904,0,,,,,,,,[],,,,
1405207171755909122,1405207171755909122,2021-06-16 11:54:31 Hora de verano central (M√©xico),2021-06-16,11:54:31,-0500,2167266710,gbrends_10,.,,Qu√≠tenle el ‚Äúmonstruo‚Äù pero pobre cosita:c ayer se durmi√≥ en Plata IVüòîü§ü @nissaxter  https://t.co/sNuyTDQsVU,es,"[{'screen_name': 'nissaxter', 'name': 'nissaxter', 'id': '2247199881'}]",[],['https://pbs.twimg.com/media/E4BMeA-UcAMQyQK.jpg'],1,0,0,[],[],https://twitter.com/gbrends_10/status/1405207171755909122,False,,1,https://pbs.twimg.com/media/E4BMeA-UcAMQyQK.jpg,,,,,,,[],,,,
1404524068754296836,1404521541082267648,2021-06-14 14:40:07 Hora de verano central (M√©xico),2021-06-14,14:40:07,-0500,2167266710,gbrends_10,.,,"@nissaxter Uff, estaba esperando este momentoü•∞",es,[],[],[],0,0,0,[],[],https://twitter.com/gbrends_10/status/1404524068754296836,False,,0,,,,,,,,"[{'screen_name': 'nissaxter', 'name': 'Nissaxter', 'id': '2247199881'}]",,,,
1404132006095732737,1404032703691952135,2021-06-13 12:42:12 Hora de verano central (M√©xico),2021-06-13,12:42:12,-0500,2167266710,gbrends_10,.,,@Mindicool XD,und,[],[],[],0,0,1,[],[],https://twitter.com/gbrends_10/status/1404132006095732737,False,,0,,,,,,,,"[{'screen_name': 'Mindicool', 'name': '‚≠ê Mindicool ‚≠ê', 'id': '201831180'}]",,,,
1403863345959219200,1403863345959219200,2021-06-12 18:54:38 Hora de verano central (M√©xico),2021-06-12,18:54:38,-0500,2167266710,gbrends_10,.,,"La gente hoy en d√≠a es como ""Wow, que tipa tan ingenua, hay que verle la cara de pendeja"" y si, efectivamente me ven la cara de pendeja con mi emprendimiento c:",es,[],[],[],0,0,0,[],[],https://twitter.com/gbrends_10/status/1403863345959219200,False,,0,,,,,,,,[],,,,
1403843316731596804,1403814690430541825,2021-06-12 17:35:03 Hora de verano central (M√©xico),2021-06-12,17:35:03,-0500,2167266710,gbrends_10,.,,@EiProfeta ._./*  https://t.co/AVjRjYSwDV,und,[],[],['https://pbs.twimg.com/tweet_video_thumb/E3t0DULXIAEuhQP.jpg'],0,0,0,[],[],https://twitter.com/gbrends_10/status/1403843316731596804,False,,1,https://pbs.twimg.com/tweet_video_thumb/E3t0DULXIAEuhQP.jpg,,,,,,,"[{'screen_name': 'EiProfeta', 'name': 'El Profeta', 'id': '1290550819'}]",,,,
1403840164384886802,1403839846754492419,2021-06-12 17:22:31 Hora de verano central (M√©xico),2021-06-12,17:22:31,-0500,2167266710,gbrends_10,.,,@nissaxter A ver ese stream üëÄ,en,[],[],[],0,0,0,[],[],https://twitter.com/gbrends_10/status/1403840164384886802,False,,0,,,,,,,,"[{'screen_name': 'nissaxter', 'name': 'Nissaxter', 'id': '2247199881'}]",,,,
1403609731403587592,1403609731403587592,2021-06-12 02:06:52 Hora de verano central (M√©xico),2021-06-12,02:06:52,-0500,2167266710,gbrends_10,.,,ü•∞üêæ  https://t.co/OxDNdzMNTx,und,[],[],['https://pbs.twimg.com/media/E3qfmaZXoAEiA6Y.jpg'],0,0,1,[],[],https://twitter.com/gbrends_10/status/1403609731403587592,False,,1,https://pbs.twimg.com/media/E3qfmaZXoAEiA6Y.jpg,,,,,,,[],,,,
1403594288928329728,1403594288928329728,2021-06-12 01:05:30 Hora de verano central (M√©xico),2021-06-12,01:05:30,-0500,2167266710,gbrends_10,.,,"Odio la animaci√≥n, no es lo m√≠o :c  https://t.co/VOWoNnUmoM",es,[],[],['https://pbs.twimg.com/media/E3qRhtgXIAE0pHo.jpg'],0,0,0,[],[],https://twitter.com/gbrends_10/status/1403594288928329728,False,,1,https://pbs.twimg.com/media/E3qRhtgXIAE0pHo.jpg,,,,,,,[],,,,
1403592543049297922,1403592543049297922,2021-06-12 00:58:34 Hora de verano central (M√©xico),2021-06-12,00:58:34,-0500,2167266710,gbrends_10,.,,Porque es la m√°s perra :o XDDDDDD,es,[],[],[],0,0,0,[],[],https://twitter.com/gbrends_10/status/1403592543049297922,False,https://twitter.com/yopsoyzai/status/1403055037518168069,0,,,,,,,,[],,,,
1403572938998222848,1403572938998222848,2021-06-11 23:40:40 Hora de verano central (M√©xico),2021-06-11,23:40:40,-0500,2167266710,gbrends_10,.,,"Plox, hagan que sea una maldita perra sin sentimientos ya.",es,[],[],[],0,0,0,[],[],https://twitter.com/gbrends_10/status/1403572938998222848,False,https://twitter.com/nathaliem4_/status/1403109939384619015,0,,,,,,,,[],,,,
1403572841694601218,1403572841694601218,2021-06-11 23:40:17 Hora de verano central (M√©xico),2021-06-11,23:40:17,-0500,2167266710,gbrends_10,.,,Te amamos t√≥xica fav‚ù§Ô∏è @nissaxter  https://t.co/xNdm26lMBF,es,"[{'screen_name': 'nissaxter', 'name': 'nissaxter', 'id': '2247199881'}]",[],['https://pbs.twimg.com/media/E3p-C6kXEAAfum9.jpg'],0,0,13,[],[],https://twitter.com/gbrends_10/status/1403572841694601218,False,,1,https://pbs.twimg.com/media/E3p-C6kXEAAfum9.jpg,,,,,,,[],,,,
1403465109180137475,1403465109180137475,2021-06-11 16:32:11 Hora de verano central (M√©xico),2021-06-11,16:32:11,-0500,2167266710,gbrends_10,.,,"Puedes seguirnos en nuestro perfil de Instagram para ver todo lo que tenemos para los amantes de los animales, pide los mejores productos con nosotrosüêæ  https://t.co/KyQkwlaAOj  https://t.co/jdszU1g7MI",es,[],['https://www.instagram.com/mypetsfriends.sv/'],[],0,1,1,[],[],https://twitter.com/gbrends_10/status/1403465109180137475,False,,1,https://pbs.twimg.com/ext_tw_video_thumb/1403464744456105985/pu/img/7jpFLjiUJqLOigNM.jpg,,,,,,,[],,,,
1402861532061515779,1402861532061515779,2021-06-10 00:33:47 Hora de verano central (M√©xico),2021-06-10,00:33:47,-0500,2167266710,gbrends_10,.,,Que me paguen ya.,es,[],[],[],0,0,1,[],[],https://twitter.com/gbrends_10/status/1402861532061515779,False,https://twitter.com/AmorEnTweet/status/1402278797248974869,0,,,,,,,,[],,,,
1402004226008551424,1401997467760005120,2021-06-07 15:47:10 Hora de verano central (M√©xico),2021-06-07,15:47:10,-0500,2167266710,gbrends_10,.,,@thesquatingdog @Jorge_Most_,und,[],[],[],0,0,0,[],[],https://twitter.com/gbrends_10/status/1402004226008551424,False,,0,,,,,,,,"[{'screen_name': 'thesquatingdog', 'name': 'Squatingdog', 'id': '940475333697925125'}]",,,,
1401746112189501442,1401745442879291393,2021-06-06 22:41:30 Hora de verano central (M√©xico),2021-06-06,22:41:30,-0500,2167266710,gbrends_10,.,,@nissaxter Lamentable,es,[],[],[],0,0,1,[],[],https://twitter.com/gbrends_10/status/1401746112189501442,False,,0,,,,,,,,"[{'screen_name': 'nissaxter', 'name': 'Nissaxter', 'id': '2247199881'}]",,,,
1401734520374808580,1401673403426381824,2021-06-06 21:55:27 Hora de verano central (M√©xico),2021-06-06,21:55:27,-0500,2167266710,gbrends_10,.,,@ragusilvana @DonTrima @BarrientosIli ü•∫,und,[],[],[],0,0,0,[],[],https://twitter.com/gbrends_10/status/1401734520374808580,False,,0,,,,,,,,"[{'screen_name': 'ragusilvana', 'name': 'Silvana', 'id': '38025791'}, {'screen_name': 'DonTrima', 'name': 'T√≠o T üí¢', 'id': '1213545542187249665'}]",,,,
1401324101579509764,1401311539978719237,2021-06-05 18:44:35 Hora de verano central (M√©xico),2021-06-05,18:44:35,-0500,2167266710,gbrends_10,.,,@BarrientosIli ¬°Feliz cumplea√±os a la chica otaku que si se ba√±a! Muchas felicitaciones Ili beb√© piciosa‚ù§Ô∏è‚ù§Ô∏è‚ù§Ô∏è‚ù§Ô∏è,es,[],[],[],1,0,1,[],[],https://twitter.com/gbrends_10/status/1401324101579509764,False,,0,,,,,,,,"[{'screen_name': 'BarrientosIli', 'name': 'ILIANA', 'id': '4832711774'}]",,,,
1401049698559987713,1401036638252421123,2021-06-05 00:34:13 Hora de verano central (M√©xico),2021-06-05,00:34:13,-0500,2167266710,gbrends_10,.,,@nissaxter Te amamos t√≥xica fav‚ù§Ô∏è,es,[],[],[],0,0,1,[],[],https://twitter.com/gbrends_10/status/1401049698559987713,False,,0,,,,,,,,"[{'screen_name': 'nissaxter', 'name': 'Nissaxter', 'id': '2247199881'}]",,,,
1400862326908141570,1400770871250329609,2021-06-04 12:09:40 Hora de verano central (M√©xico),2021-06-04,12:09:40,-0500,2167266710,gbrends_10,.,,@solo_fortnite_ @MisterPavos @Jorge_Most_ Son 6 torres guardianas :v,es,[],[],[],0,0,0,[],[],https://twitter.com/gbrends_10/status/1400862326908141570,False,,0,,,,,,,,"[{'screen_name': 'solo_fortnite_', 'name': 'me gusta el porno de tik tokers', 'id': '1290145055580262401'}, {'screen_name': 'MisterPavos', 'name': 'Mister-PavosüëàüÜîÔ∏è', 'id': '1388166919782600705'}, {'screen_name': 'Jorge_Most_', 'name': 'JorgeMost - Fortnite Noticias & Filtraciones üëΩ', 'id': '1087879105612263426'}]",,,,
1400358039555817474,1400358039555817474,2021-06-03 02:45:48 Hora de verano central (M√©xico),2021-06-03,02:45:48,-0500,2167266710,gbrends_10,.,,ü•∞ü•∞,und,[],[],[],0,0,0,[],[],https://twitter.com/gbrends_10/status/1400358039555817474,False,https://twitter.com/Chyki8/status/1399777818922393603,0,,,,,,,,[],,,,
1400354038756130817,1400354038756130817,2021-06-03 02:29:54 Hora de verano central (M√©xico),2021-06-03,02:29:54,-0500,2167266710,gbrends_10,.,,Con raz√≥n es el grupo de ‚ÄúHamsiedad‚Äùüòîü§ü  https://t.co/yCTfGcSJPk,es,[],[],['https://pbs.twimg.com/media/E28OjnnXEAMlric.jpg'],0,0,0,[],[],https://twitter.com/gbrends_10/status/1400354038756130817,False,,1,https://pbs.twimg.com/media/E28OjnnXEAMlric.jpg,,,,,,,[],,,,
1399129542401445888,1399129542401445888,2021-05-30 17:24:12 Hora de verano central (M√©xico),2021-05-30,17:24:12,-0500,2167266710,gbrends_10,.,,"Y as√≠ es todos los d√≠as, literal...",es,[],[],[],0,0,0,[],[],https://twitter.com/gbrends_10/status/1399129542401445888,False,https://twitter.com/_yxungfave/status/1396991087399608322,0,,,,,,,,[],,,,
1398196336546168836,1398196336546168836,2021-05-28 03:35:58 Hora de verano central (M√©xico),2021-05-28,03:35:58,-0500,2167266710,gbrends_10,.,,Casi me muero hace pocoüòîü§ü,es,[],[],[],0,0,0,[],[],https://twitter.com/gbrends_10/status/1398196336546168836,False,https://twitter.com/_RubiMdz_/status/1397372674830110723,0,,,,,,,,[],,,,
1398005583148638214,1397998812426350597,2021-05-27 14:57:59 Hora de verano central (M√©xico),2021-05-27,14:57:59,-0500,2167266710,gbrends_10,.,,@nissaxter Espero con ansias tu directo t√≥xica favüíï,es,[],[],[],0,0,2,[],[],https://twitter.com/gbrends_10/status/1398005583148638214,False,,0,,,,,,,,"[{'screen_name': 'nissaxter', 'name': 'Nissaxter', 'id': '2247199881'}]",,,,
1397588032992256001,1397584936950026242,2021-05-26 11:18:47 Hora de verano central (M√©xico),2021-05-26,11:18:47,-0500,2167266710,gbrends_10,.,,@disneyplusla #Loki,und,[],[],[],0,0,0,['loki'],[],https://twitter.com/gbrends_10/status/1397588032992256001,False,,0,,,,,,,,"[{'screen_name': 'disneyplusla', 'name': 'Disney+ Latinoam√©rica', 'id': '1011362488829394944'}]",,,,
1397367883135586313,1397367789267128320,2021-05-25 20:43:59 Hora de verano central (M√©xico),2021-05-25,20:43:59,-0500,2167266710,gbrends_10,.,,@Jorge_Most_ Ya subi√≥ la imagen completa xD,es,[],[],[],0,0,1,[],[],https://twitter.com/gbrends_10/status/1397367883135586313,False,,0,,,,,,,,"[{'screen_name': 'Jorge_Most_', 'name': 'JorgeMost - Fortnite Noticias & Filtraciones üëΩ', 'id': '1087879105612263426'}]",,,,
1397290012832641024,1396890458593370116,2021-05-25 15:34:34 Hora de verano central (M√©xico),2021-05-25,15:34:34,-0500,2167266710,gbrends_10,.,,@nissaxter Grande t√≥xica fav‚ù§Ô∏è,es,[],[],[],0,0,0,[],[],https://twitter.com/gbrends_10/status/1397290012832641024,False,,0,,,,,,,,"[{'screen_name': 'nissaxter', 'name': 'Nissaxter', 'id': '2247199881'}]",,,,
1396671160461430789,1396669035467640832,2021-05-23 22:35:28 Hora de verano central (M√©xico),2021-05-23,22:35:28,-0500,2167266710,gbrends_10,.,,@nissaxter Se han perdido los valores hoy en d√≠aüòîü§ü,es,[],[],[],0,0,1,[],[],https://twitter.com/gbrends_10/status/1396671160461430789,False,,0,,,,,,,,"[{'screen_name': 'nissaxter', 'name': 'Nissaxter', 'id': '2247199881'}]",,,,
1395512575522115585,1395502553421516804,2021-05-20 17:51:40 Hora de verano central (M√©xico),2021-05-20,17:51:40,-0500,2167266710,gbrends_10,.,,@Jorge_Most_ Asko,eu,[],[],[],0,0,1,[],[],https://twitter.com/gbrends_10/status/1395512575522115585,False,,0,,,,,,,,"[{'screen_name': 'Jorge_Most_', 'name': 'JorgeMost - Fortnite Noticias & Filtraciones üëΩ', 'id': '1087879105612263426'}]",,,,
1395157811521277955,1395105571796307968,2021-05-19 18:21:57 Hora de verano central (M√©xico),2021-05-19,18:21:57,-0500,2167266710,gbrends_10,.,,@BarrientosIli Que nadie te quite esa corona REINA PICIOSAAAAAAAAAAA‚ù§Ô∏è,es,[],[],[],1,0,1,[],[],https://twitter.com/gbrends_10/status/1395157811521277955,False,,0,,,,,,,,"[{'screen_name': 'BarrientosIli', 'name': 'ILIANA', 'id': '4832711774'}]",,,,
1394781730456887297,1394764784894193665,2021-05-18 17:27:32 Hora de verano central (M√©xico),2021-05-18,17:27:32,-0500,2167266710,gbrends_10,.,,@Diego06829925 @Jorge_Most_ El c√≥digo del comic ya lo tengo canjeado xd,es,[],[],[],1,0,0,[],[],https://twitter.com/gbrends_10/status/1394781730456887297,False,,0,,,,,,,,"[{'screen_name': 'Diego06829925', 'name': 'C papu misterioso', 'id': '1273389837614223361'}, {'screen_name': 'Jorge_Most_', 'name': 'JorgeMost - Fortnite Noticias & Filtraciones üëΩ', 'id': '1087879105612263426'}]",,,,
1394765017568923652,1394764784894193665,2021-05-18 16:21:08 Hora de verano central (M√©xico),2021-05-18,16:21:08,-0500,2167266710,gbrends_10,.,,@Jorge_Most_ Holi ¬øc√≥mo cu√°nto crees que cueste la skin? C:,es,[],[],[],2,0,0,[],[],https://twitter.com/gbrends_10/status/1394765017568923652,False,,0,,,,,,,,"[{'screen_name': 'Jorge_Most_', 'name': 'JorgeMost - Fortnite Noticias & Filtraciones üëΩ', 'id': '1087879105612263426'}]",,,,
1394499921592651784,1394499921592651784,2021-05-17 22:47:44 Hora de verano central (M√©xico),2021-05-17,22:47:44,-0500,2167266710,gbrends_10,.,,@KM_Old  https://t.co/Io0pfBf81G,und,[],[],['https://pbs.twimg.com/media/E1pCE5WWYAIv4dy.jpg'],0,0,1,[],[],https://twitter.com/gbrends_10/status/1394499921592651784,False,,1,https://pbs.twimg.com/media/E1pCE5WWYAIv4dy.jpg,,,,,,,[],,,,
1394480675890335746,1394480675890335746,2021-05-17 21:31:15 Hora de verano central (M√©xico),2021-05-17,21:31:15,-0500,2167266710,gbrends_10,.,,C: @KM_Old  https://t.co/brEPk3ZuBX,und,"[{'screen_name': 'km_old', 'name': 'olddae', 'id': '2173644643'}]",[],['https://pbs.twimg.com/media/E1owkSFWUAAvR9Y.jpg'],0,0,2,[],[],https://twitter.com/gbrends_10/status/1394480675890335746,False,,1,https://pbs.twimg.com/media/E1owkSFWUAAvR9Y.jpg,,,,,,,[],,,,
1394087061699846144,1394080969683050502,2021-05-16 19:27:11 Hora de verano central (M√©xico),2021-05-16,19:27:11,-0500,2167266710,gbrends_10,.,,@Jorge_Most_ ¬øY esa chingadera para qu√© la quiero? &gt;:c,es,[],[],[],0,0,1,[],[],https://twitter.com/gbrends_10/status/1394087061699846144,False,,0,,,,,,,,"[{'screen_name': 'Jorge_Most_', 'name': 'JorgeMost - Fortnite Noticias & Filtraciones üëΩ', 'id': '1087879105612263426'}]",,,,
1393760929096118277,1393749273821462536,2021-05-15 21:51:14 Hora de verano central (M√©xico),2021-05-15,21:51:14,-0500,2167266710,gbrends_10,.,,@BarrientosIli Cu√°l pintura?;(,es,[],[],[],1,0,0,[],[],https://twitter.com/gbrends_10/status/1393760929096118277,False,,0,,,,,,,,"[{'screen_name': 'BarrientosIli', 'name': 'ILIANA', 'id': '4832711774'}]",,,,
1393280853564928000,1393251248581795844,2021-05-14 14:03:36 Hora de verano central (M√©xico),2021-05-14,14:03:36,-0500,2167266710,gbrends_10,.,,@LeticiaBogado19 @lsoyrara @textazo Te hable a ti? No verdad xD,es,[],[],[],1,0,0,[],[],https://twitter.com/gbrends_10/status/1393280853564928000,False,,0,,,,,,,,"[{'screen_name': 'LeticiaBogado19', 'name': 'Leticia Bogadoüíñüßâ', 'id': '1379489399084310531'}, {'screen_name': 'lsoyrara', 'name': 'ùëπùíÇùíìùíÇ', 'id': '1051247770487656449'}, {'screen_name': 'textazo', 'name': 'Textazo', 'id': '3903055709'}]",,,,
1393252659142987777,1393251248581795844,2021-05-14 12:11:33 Hora de verano central (M√©xico),2021-05-14,12:11:33,-0500,2167266710,gbrends_10,.,,@lsoyrara @textazo Uff lo mismo que hace un d√≠a xD  https://t.co/FQmtbJ0oHL,es,[],[],['https://pbs.twimg.com/media/E1XT5r-XsAQLwOP.jpg'],1,0,0,[],[],https://twitter.com/gbrends_10/status/1393252659142987777,False,,1,https://pbs.twimg.com/media/E1XT5r-XsAQLwOP.jpg,,,,,,,"[{'screen_name': 'lsoyrara', 'name': 'ùëπùíÇùíìùíÇ', 'id': '1051247770487656449'}, {'screen_name': 'textazo', 'name': 'Textazo', 'id': '3903055709'}]",,,,
1392935134073077762,1392935134073077762,2021-05-13 15:09:50 Hora de verano central (M√©xico),2021-05-13,15:09:50,-0500,2167266710,gbrends_10,.,,Si soy üòîü§ü,es,[],[],[],0,0,1,[],[],https://twitter.com/gbrends_10/status/1392935134073077762,False,https://twitter.com/Guarromantico_/status/1392879958666711040,0,,,,,,,,[],,,,
1392902233973530627,1392889814467465223,2021-05-13 12:59:06 Hora de verano central (M√©xico),2021-05-13,12:59:06,-0500,2167266710,gbrends_10,.,,@BarrientosIli Pero k veo? Una otaku que si se ba√±aüëÄ,es,[],[],[],1,0,0,[],[],https://twitter.com/gbrends_10/status/1392902233973530627,False,,0,,,,,,,,"[{'screen_name': 'BarrientosIli', 'name': 'ILIANA', 'id': '4832711774'}]",,,,
1390746011430178822,1390743025412886531,2021-05-07 14:11:02 Hora de verano central (M√©xico),2021-05-07,14:11:02,-0500,2167266710,gbrends_10,.,,@Fortnite_ES Saquen pronto la de palito de pescado pofavoüòîü§ü,es,[],[],[],0,0,2,[],[],https://twitter.com/gbrends_10/status/1390746011430178822,False,,0,,,,,,,,"[{'screen_name': 'Fortnite_ES', 'name': 'Fortnite_ES', 'id': '1030197444515115008'}]",,,,
1390488626379857922,1390488626379857922,2021-05-06 21:08:17 Hora de verano central (M√©xico),2021-05-06,21:08:17,-0500,2167266710,gbrends_10,.,,En ese camino voy xD,es,[],[],[],0,0,0,[],[],https://twitter.com/gbrends_10/status/1390488626379857922,False,https://twitter.com/textoofavorito/status/1390484814600368133,0,,,,,,,,[],,,,
1390488417285324807,1390173403802476544,2021-05-06 21:07:27 Hora de verano central (M√©xico),2021-05-06,21:07:27,-0500,2167266710,gbrends_10,.,,@rgmsegovia :(,und,[],[],[],0,0,1,[],[],https://twitter.com/gbrends_10/status/1390488417285324807,False,,0,,,,,,,,"[{'screen_name': 'rgmsegovia', 'name': 'Gus', 'id': '373540980'}]",,,,
1390161702138916865,1390111807789051906,2021-05-05 23:29:12 Hora de verano central (M√©xico),2021-05-05,23:29:12,-0500,2167266710,gbrends_10,.,,@Mindicool XD,und,[],[],[],0,0,0,[],[],https://twitter.com/gbrends_10/status/1390161702138916865,False,,0,,,,,,,,"[{'screen_name': 'Mindicool', 'name': '‚≠ê Mindicool ‚≠ê', 'id': '201831180'}]",,,,
1389946231410016264,1389916219051061248,2021-05-05 09:13:00 Hora de verano central (M√©xico),2021-05-05,09:13:00,-0500,2167266710,gbrends_10,.,,@aracelyshere A ver prestaüëÄ xd,es,[],[],[],1,0,1,[],[],https://twitter.com/gbrends_10/status/1389946231410016264,False,,0,,,,,,,,"[{'screen_name': 'aracelyshere', 'name': 'Aracely', 'id': '1184113566942674950'}]",,,,
1389566557261639686,1389565873204117508,2021-05-04 08:04:18 Hora de verano central (M√©xico),2021-05-04,08:04:18,-0500,2167266710,gbrends_10,.,,@Jorge_Most_ Y esa abominaci√≥n? :v,es,[],[],[],0,0,2,[],[],https://twitter.com/gbrends_10/status/1389566557261639686,False,,0,,,,,,,,"[{'screen_name': 'Jorge_Most_', 'name': 'JorgeMost - Fortnite Noticias & Filtraciones üëΩ', 'id': '1087879105612263426'}]",,,,
1386094742149156866,1385980893714599936,2021-04-24 18:08:33 Hora de verano central (M√©xico),2021-04-24,18:08:33,-0500,2167266710,gbrends_10,.,,@BarrientosIli Necesito una de esasüòîü§ü,es,[],[],[],0,0,0,[],[],https://twitter.com/gbrends_10/status/1386094742149156866,False,,0,,,,,,,,"[{'screen_name': 'BarrientosIli', 'name': 'ILIANA', 'id': '4832711774'}]",,,,
1386076893988917253,1385822970124374017,2021-04-24 16:57:38 Hora de verano central (M√©xico),2021-04-24,16:57:38,-0500,2167266710,gbrends_10,.,,@BarrientosIli Espero lo hayas visto ya porque estuvo bue√±oü•∫ü•∫ü•∫,es,[],[],[],0,0,0,[],[],https://twitter.com/gbrends_10/status/1386076893988917253,False,,0,,,,,,,,"[{'screen_name': 'BarrientosIli', 'name': 'ILIANA', 'id': '4832711774'}]",,,,
1386076760761114629,1386076760761114629,2021-04-24 16:57:06 Hora de verano central (M√©xico),2021-04-24,16:57:06,-0500,2167266710,gbrends_10,.,,"Que emoci√≥n, me hablaron de nuevo de un programa para hacer otro reportaje de mi emprendimiento!! AAAAAAAHü•∫ü•∫ü•∫ü•∫",es,[],[],[],0,0,3,[],[],https://twitter.com/gbrends_10/status/1386076760761114629,False,,0,,,,,,,,[],,,,
1385117496341057540,1385117496341057540,2021-04-22 01:25:20 Hora de verano central (M√©xico),2021-04-22,01:25:20,-0500,2167266710,gbrends_10,.,,Pa eso entramos a juegar en creativoüòÇ‚ù§Ô∏è @RaveM99  https://t.co/IkASqZ1ilZ,es,"[{'screen_name': 'ravem99', 'name': 'javier mart√≠nez', 'id': '2192419717'}]",[],['https://pbs.twimg.com/media/EzjtAxNWYAIJT4E.jpg'],1,0,1,[],[],https://twitter.com/gbrends_10/status/1385117496341057540,False,,1,https://pbs.twimg.com/media/EzjtAxNWYAIJT4E.jpg,,,,,,,[],,,,
1383114291964960772,1383102904718987265,2021-04-16 12:45:18 Hora de verano central (M√©xico),2021-04-16,12:45:18,-0500,2167266710,gbrends_10,.,,@disneyplusla  https://t.co/A09ihpTDpK,und,[],[],['https://pbs.twimg.com/tweet_video_thumb/EzHPHOfWgAcmIJP.jpg'],0,0,0,[],[],https://twitter.com/gbrends_10/status/1383114291964960772,False,,1,https://pbs.twimg.com/tweet_video_thumb/EzHPHOfWgAcmIJP.jpg,,,,,,,[],,,,
1383113913345179650,1383104227883560961,2021-04-16 12:43:48 Hora de verano central (M√©xico),2021-04-16,12:43:48,-0500,2167266710,gbrends_10,.,,@El_Traslador  https://t.co/9kkPZZZmHD,und,[],[],['https://pbs.twimg.com/tweet_video_thumb/EzHOxR7XMAUDhSv.jpg'],0,0,1,[],[],https://twitter.com/gbrends_10/status/1383113913345179650,False,,1,https://pbs.twimg.com/tweet_video_thumb/EzHOxR7XMAUDhSv.jpg,,,,,,,[],,,,
1382769281729974274,1382457689675071488,2021-04-15 13:54:22 Hora de verano central (M√©xico),2021-04-15,13:54:22,-0500,2167266710,gbrends_10,.,,@BarrientosIli Me encantaüíñ,es,[],[],[],1,0,0,[],[],https://twitter.com/gbrends_10/status/1382769281729974274,False,,0,,,,,,,,"[{'screen_name': 'BarrientosIli', 'name': 'ILIANA', 'id': '4832711774'}]",,,,
1382769138700017669,1382769138700017669,2021-04-15 13:53:47 Hora de verano central (M√©xico),2021-04-15,13:53:47,-0500,2167266710,gbrends_10,.,,"Uy ojo, la indignada JAJAJA",es,[],[],[],0,0,0,[],[],https://twitter.com/gbrends_10/status/1382769138700017669,False,,0,,,,,,,,[],,,,
1382484226377986061,1382457689675071488,2021-04-14 19:01:39 Hora de verano central (M√©xico),2021-04-14,19:01:39,-0500,2167266710,gbrends_10,.,,@BarrientosIli Qui√©n es esa hembraaaaaaaaa? ;3,es,[],[],[],1,1,0,[],[],https://twitter.com/gbrends_10/status/1382484226377986061,False,,0,,,,,,,,"[{'screen_name': 'BarrientosIli', 'name': 'ILIANA', 'id': '4832711774'}]",,,,
1381733066297765889,1381733066297765889,2021-04-12 17:16:49 Hora de verano central (M√©xico),2021-04-12,17:16:49,-0500,2167266710,gbrends_10,.,,Feliz con esta gran oportunidad que me dio @noticias4vision | Gabriela puso en practica su talento y su amor por los animales para iniciar un proyecto. @DBarillastcs con los detalles. #N4V    https://t.co/bPjB29lf7Y  https://t.co/o1k6LNWNqV a trav√©s de @FacebookWatch,es,"[{'screen_name': 'noticias4vision', 'name': 'noticias 4visi√≥n', 'id': '257057832'}, {'screen_name': 'dbarillastcs', 'name': 'diana sof√≠a barillas', 'id': '1191762899053809664'}, {'screen_name': 'facebookwatch', 'name': 'facebookwatch', 'id': '899733078641225728'}]","['https://youtu.be/mwer77o627I', 'https://fb.watch/4Qw2vNf_yM/']",[],0,1,2,['n4v'],[],https://twitter.com/gbrends_10/status/1381733066297765889,False,,0,,,,,,,,[],,,,
1378872560960610307,1378872560960610307,2021-04-04 19:50:11 Hora de verano central (M√©xico),2021-04-04,19:50:11,-0500,2167266710,gbrends_10,.,,ü•∫‚ù§Ô∏è  https://t.co/qx45NX4S4E,und,[],[],['https://pbs.twimg.com/media/EyK9R8YXIAEYLBk.jpg'],0,0,4,[],[],https://twitter.com/gbrends_10/status/1378872560960610307,False,,1,https://pbs.twimg.com/media/EyK9R8YXIAEYLBk.jpg,,,,,,,[],,,,
1376434390948057090,1376434390948057090,2021-03-29 01:21:46 Hora est√°ndar central (M√©xico),2021-03-29,01:21:46,-0500,2167266710,gbrends_10,.,,Uy cuidadoüëÄ,es,[],[],[],0,0,0,[],[],https://twitter.com/gbrends_10/status/1376434390948057090,False,https://twitter.com/bolsitaebasura/status/1376366549443940354,0,,,,,,,,[],,,,
1376427790774452228,1376427790774452228,2021-03-29 00:55:32 Hora est√°ndar central (M√©xico),2021-03-29,00:55:32,-0500,2167266710,gbrends_10,.,,ü•∞ü•∞ü•∞ü•∞ü•∞üòÇ,und,[],[],[],0,0,0,[],[],https://twitter.com/gbrends_10/status/1376427790774452228,False,https://twitter.com/NoContextCFilm/status/1376175387269607426,0,,,,,,,,[],,,,
1376398826953711618,1376398826953711618,2021-03-28 23:00:27 Hora est√°ndar central (M√©xico),2021-03-28,23:00:27,-0500,2167266710,gbrends_10,.,,Bella noche pa seguir llorando‚ò∫Ô∏è,es,[],[],[],0,0,0,[],[],https://twitter.com/gbrends_10/status/1376398826953711618,False,,0,,,,,,,,[],,,,
1376040148312416260,1376040148312416260,2021-03-27 23:15:11 Hora est√°ndar central (M√©xico),2021-03-27,23:15:11,-0500,2167266710,gbrends_10,.,,üòîüòîüòîüòîüòîüòîü§üü§üü§üü§üü§ü  https://t.co/xeYAC6A0v1,und,[],[],['https://pbs.twimg.com/media/ExitNJdXIAA3RUG.jpg'],0,0,0,[],[],https://twitter.com/gbrends_10/status/1376040148312416260,False,,1,https://pbs.twimg.com/media/ExitNJdXIAA3RUG.jpg,,,,,,,[],,,,
1376037893521731588,1376037893521731588,2021-03-27 23:06:14 Hora est√°ndar central (M√©xico),2021-03-27,23:06:14,-0500,2167266710,gbrends_10,.,,ü•∞ü•∞ü•∞ü•∞ü•∞ü•∞ü•∞,und,[],[],[],0,0,0,[],[],https://twitter.com/gbrends_10/status/1376037893521731588,False,https://twitter.com/xtina/status/1375901155876823047,0,,,,,,,,[],,,,
1376036039719055362,1376036039719055362,2021-03-27 22:58:52 Hora est√°ndar central (M√©xico),2021-03-27,22:58:52,-0500,2167266710,gbrends_10,.,,üòîü§ü  https://t.co/GawrE4i5Ro,und,[],[],['https://pbs.twimg.com/media/ExipeMqWgAIvyvI.jpg'],0,0,0,[],[],https://twitter.com/gbrends_10/status/1376036039719055362,False,,1,https://pbs.twimg.com/media/ExipeMqWgAIvyvI.jpg,,,,,,,[],,,,
1376028094608330752,1376028094608330752,2021-03-27 22:27:17 Hora est√°ndar central (M√©xico),2021-03-27,22:27:17,-0500,2167266710,gbrends_10,.,,Supongo que se acaboüò™,es,[],[],[],0,0,0,[],[],https://twitter.com/gbrends_10/status/1376028094608330752,False,,0,,,,,,,,[],,,,
1373280232824786948,1373149056332144640,2021-03-20 08:28:16 Hora est√°ndar central (M√©xico),2021-03-20,08:28:16,-0500,2167266710,gbrends_10,.,,@rgmsegovia :(,und,[],[],[],1,0,1,[],[],https://twitter.com/gbrends_10/status/1373280232824786948,False,,0,,,,,,,,"[{'screen_name': 'rgmsegovia', 'name': 'Gus', 'id': '373540980'}]",,,,
1373280172770799624,1372772718420975623,2021-03-20 08:28:02 Hora est√°ndar central (M√©xico),2021-03-20,08:28:02,-0500,2167266710,gbrends_10,.,,@sofiactreras Gracias piciosaü•∫,es,[],[],[],1,0,1,[],[],https://twitter.com/gbrends_10/status/1373280172770799624,False,,0,,,,,,,,"[{'screen_name': 'sofiactreras', 'name': 'sofi', 'id': '1134041451346780160'}]",,,,
1373150090064494592,1372772718420975623,2021-03-19 23:51:08 Hora est√°ndar central (M√©xico),2021-03-19,23:51:08,-0500,2167266710,gbrends_10,.,,@sofiactreras Necesito darle RT a esto eh üòîü§ü,es,[],[],[],1,0,1,[],[],https://twitter.com/gbrends_10/status/1373150090064494592,False,,0,,,,,,,,"[{'screen_name': 'sofiactreras', 'name': 'sofi', 'id': '1134041451346780160'}]",,,,
1373149056332144640,1373149056332144640,2021-03-19 23:47:01 Hora est√°ndar central (M√©xico),2021-03-19,23:47:01,-0500,2167266710,gbrends_10,.,,"Me quieren a medias, gg xd",es,[],[],[],1,0,0,[],[],https://twitter.com/gbrends_10/status/1373149056332144640,False,https://twitter.com/ilustracionxs/status/1373080930420674564,0,,,,,,,,[],,,,
1372726808832049155,1372726808832049155,2021-03-18 19:49:09 Hora est√°ndar central (M√©xico),2021-03-18,19:49:09,-0500,2167266710,gbrends_10,.,,Al rato me quedo sola :3,es,[],[],[],0,0,0,[],[],https://twitter.com/gbrends_10/status/1372726808832049155,False,https://twitter.com/IndirectasRock/status/1372704018477293575,0,,,,,,,,[],,,,
1372666646716891139,1372666646716891139,2021-03-18 15:50:06 Hora est√°ndar central (M√©xico),2021-03-18,15:50:06,-0500,2167266710,gbrends_10,.,,"Y como siempre, la ‚Äúloca‚Äù soy yo xd",es,[],[],[],0,0,0,[],[],https://twitter.com/gbrends_10/status/1372666646716891139,False,,0,,,,,,,,[],,,,
1369762793935802371,1369758794197123075,2021-03-10 15:31:13 Hora est√°ndar central (M√©xico),2021-03-10,15:31:13,-0500,2167266710,gbrends_10,.,,@GorditosGatitos @BarrientosIli Los gatitos que te encantanü•∞,es,[],[],[],1,0,0,[],[],https://twitter.com/gbrends_10/status/1369762793935802371,False,,0,,,,,,,,"[{'screen_name': 'GorditosGatitos', 'name': 'gatitos gorditos', 'id': '1251253909672386561'}]",,,,
1366626704245063683,1366503267237171201,2021-03-01 23:49:31 Hora est√°ndar central (M√©xico),2021-03-01,23:49:31,-0500,2167266710,gbrends_10,.,,@Briagowsky :v  https://t.co/iPmjWLl8aw,und,[],[],['https://pbs.twimg.com/media/Evc7uhVXUAABLrn.jpg'],0,0,1,[],[],https://twitter.com/gbrends_10/status/1366626704245063683,False,,1,https://pbs.twimg.com/media/Evc7uhVXUAABLrn.jpg,,,,,,,"[{'screen_name': 'Briagowsky', 'name': 'Captain Winston', 'id': '976662895302881285'}]",,,,
1364974533422252034,1364974533422252034,2021-02-25 10:24:23 Hora est√°ndar central (M√©xico),2021-02-25,10:24:23,-0500,2167266710,gbrends_10,.,,La negada,ca,[],[],[],0,0,0,[],[],https://twitter.com/gbrends_10/status/1364974533422252034,False,,0,,,,,,,,[],,,,
1364974164260626440,1364974164260626440,2021-02-25 10:22:55 Hora est√°ndar central (M√©xico),2021-02-25,10:22:55,-0500,2167266710,gbrends_10,.,,F,und,[],[],[],0,0,0,[],[],https://twitter.com/gbrends_10/status/1364974164260626440,False,,0,,,,,,,,[],,,,
1362855636304883712,1362775731269292034,2021-02-19 14:04:38 Hora est√°ndar central (M√©xico),2021-02-19,14:04:38,-0500,2167266710,gbrends_10,.,,@aracelyshere √ëo se necesita :3,es,[],[],[],1,0,0,[],[],https://twitter.com/gbrends_10/status/1362855636304883712,False,,0,,,,,,,,"[{'screen_name': 'aracelyshere', 'name': 'Aracely', 'id': '1184113566942674950'}]",,,,
1354435955944542212,1354200545318346754,2021-01-27 08:27:50 Hora est√°ndar central (M√©xico),2021-01-27,08:27:50,-0500,2167266710,gbrends_10,.,,@BarrientosIli ¬øAl menos ha quedado para lunes la clase?,es,[],[],[],0,0,0,[],[],https://twitter.com/gbrends_10/status/1354435955944542212,False,,0,,,,,,,,"[{'screen_name': 'BarrientosIli', 'name': 'ILIANA', 'id': '4832711774'}]",,,,
1353950743657668609,1353950743657668609,2021-01-26 00:19:47 Hora est√°ndar central (M√©xico),2021-01-26,00:19:47,-0500,2167266710,gbrends_10,.,,Te amoüíï @RaveM99  https://t.co/bQEjato3zd,es,"[{'screen_name': 'ravem99', 'name': 'javier mart√≠nez', 'id': '2192419717'}]",[],['https://pbs.twimg.com/media/EsozADIXYAMtfnN.jpg'],1,1,3,[],[],https://twitter.com/gbrends_10/status/1353950743657668609,False,,1,https://pbs.twimg.com/media/EsozADIXYAMtfnN.jpg,,,,,,,[],,,,
1353950276550615041,1353950276550615041,2021-01-26 00:17:55 Hora est√°ndar central (M√©xico),2021-01-26,00:17:55,-0500,2167266710,gbrends_10,.,,Mi macho me enga√±aüò¢,es,[],[],[],0,1,2,[],[],https://twitter.com/gbrends_10/status/1353950276550615041,False,,0,,,,,,,,[],,,,
1340018054315520002,1339993575556263938,2020-12-18 13:36:15 Hora est√°ndar central (M√©xico),2020-12-18,13:36:15,-0500,2167266710,gbrends_10,.,,@Mindicool Pagaste por esa skin?:(,es,[],[],[],1,0,0,[],[],https://twitter.com/gbrends_10/status/1340018054315520002,False,,0,,,,,,,,"[{'screen_name': 'Mindicool', 'name': '‚≠ê Mindicool ‚≠ê', 'id': '201831180'}]",,,,
1337256257070247936,1337252866009030656,2020-12-10 22:41:51 Hora est√°ndar central (M√©xico),2020-12-10,22:41:51,-0500,2167266710,gbrends_10,.,,@BarrientosIli piqui s√≠:c,es,[],[],[],1,0,0,[],[],https://twitter.com/gbrends_10/status/1337256257070247936,False,,0,,,,,,,,"[{'screen_name': 'BarrientosIli', 'name': 'ILIANA', 'id': '4832711774'}]",,,,
1337253654634565635,1337252866009030656,2020-12-10 22:31:30 Hora est√°ndar central (M√©xico),2020-12-10,22:31:30,-0500,2167266710,gbrends_10,.,,@BarrientosIli Me dueles:c,es,[],[],[],1,0,0,[],[],https://twitter.com/gbrends_10/status/1337253654634565635,False,,0,,,,,,,,"[{'screen_name': 'BarrientosIli', 'name': 'ILIANA', 'id': '4832711774'}]",,,,
1334720965117435904,1334696809239773184,2020-12-03 22:47:30 Hora est√°ndar central (M√©xico),2020-12-03,22:47:30,-0500,2167266710,gbrends_10,.,,@garinjoke Sorprendida :o,pt,[],[],[],1,0,1,[],[],https://twitter.com/gbrends_10/status/1334720965117435904,False,,0,,,,,,,,"[{'screen_name': 'garinjoke', 'name': 'El Rorro üëÅÔ∏è\u200düó®Ô∏è', 'id': '63336788'}]",,,,
1334189629382291457,1334189629382291457,2020-12-02 11:36:10 Hora est√°ndar central (M√©xico),2020-12-02,11:36:10,-0500,2167266710,gbrends_10,.,,"Gracias, @carlossadness, por pasar 283 minutos conmigo este a√±o en @Spotify. Eres mi artista n¬∫¬†1. #MiSpotify2020#   Que lindooooooü•∫‚ù§Ô∏è  https://t.co/fs9m2mODx2",es,"[{'screen_name': 'carlossadness', 'name': 'tropical jesus üåó', 'id': '37528422'}, {'screen_name': 'spotify', 'name': 'spotify', 'id': '17230018'}]",[],"['https://pbs.twimg.com/media/EoP-Wq5XcAAYXtT.jpg', 'https://pbs.twimg.com/media/EoP-XM7WEAMObDj.jpg', 'https://pbs.twimg.com/media/EoP-XPzW8AIlN0U.jpg', 'https://pbs.twimg.com/media/EoP-XP7XEAES4MZ.jpg']",0,0,0,[],[],https://twitter.com/gbrends_10/status/1334189629382291457,False,,1,https://pbs.twimg.com/media/EoP-Wq5XcAAYXtT.jpg,,,,,,,[],,,,
1332100718728269827,1332100718728269827,2020-11-26 17:15:35 Hora est√°ndar central (M√©xico),2020-11-26,17:15:35,-0500,2167266710,gbrends_10,.,,"Yo puedo arreglar esto, estoy dispuesta a hacer cosas irracionales para demostrarlo.",es,[],[],[],0,0,0,[],[],https://twitter.com/gbrends_10/status/1332100718728269827,False,,0,,,,,,,,[],,,,
1332098631348924422,1332098631348924422,2020-11-26 17:07:17 Hora est√°ndar central (M√©xico),2020-11-26,17:07:17,-0500,2167266710,gbrends_10,.,,As√≠ me amas y te amo:c  https://t.co/MOCMwqO6n1,es,[],[],['https://pbs.twimg.com/media/EnyQlWbW4AIN4Yb.jpg'],0,0,0,[],[],https://twitter.com/gbrends_10/status/1332098631348924422,False,,1,https://pbs.twimg.com/media/EnyQlWbW4AIN4Yb.jpg,,,,,,,[],,,,
1332071102558957570,1332071102558957570,2020-11-26 15:17:54 Hora est√°ndar central (M√©xico),2020-11-26,15:17:54,-0500,2167266710,gbrends_10,.,,Mega stalkeada üòÇ,pt,[],[],[],0,0,0,[],[],https://twitter.com/gbrends_10/status/1332071102558957570,False,,0,,,,,,,,[],,,,
1332063358732873730,1332063358732873730,2020-11-26 14:47:07 Hora est√°ndar central (M√©xico),2020-11-26,14:47:07,-0500,2167266710,gbrends_10,.,,Me alegro por mi amigo Alex de verdad‚ò∫Ô∏è,es,[],[],[],0,0,0,[],[],https://twitter.com/gbrends_10/status/1332063358732873730,False,,0,,,,,,,,[],,,,
1331829042190934019,1331726378321006597,2020-11-25 23:16:02 Hora est√°ndar central (M√©xico),2020-11-25,23:16:02,-0500,2167266710,gbrends_10,.,,@BarrientosIli Noooooooüò¢ Y uno aqu√≠ mega pobre üò¢üò¢üò¢üò¢üò¢,es,[],[],[],1,0,0,[],[],https://twitter.com/gbrends_10/status/1331829042190934019,False,,0,,,,,,,,"[{'screen_name': 'BarrientosIli', 'name': 'ILIANA', 'id': '4832711774'}]",,,,
1331502880671592449,1331502880671592449,2020-11-25 01:39:59 Hora est√°ndar central (M√©xico),2020-11-25,01:39:59,-0500,2167266710,gbrends_10,.,,Uff,und,[],[],[],0,0,0,[],[],https://twitter.com/gbrends_10/status/1331502880671592449,False,https://twitter.com/hipstremo/status/1309850402939006976,0,,,,,,,,[],,,,
